{"cameraMode":{"drawMode":0,"name":"Shaded","section":"Shading Mode"},"sceneLighting":true,"audioPlay":false,"sceneViewState":{"m_AlwaysRefresh":false,"showFog":true,"showSkybox":true,"showFlares":true,"showImageEffects":true,"showParticleSystems":true,"showVisualEffectGraphs":true,"m_FxEnabled":true},"in2DMode":false,"pivot":{"x":13.59471607208252,"y":-3.5217103958129885,"z":-3.7951316833496095},"rotation":{"x":0.1270790994167328,"y":0.19213517010211945,"z":-0.025098636746406556,"w":0.9727885723114014},"size":8.788461685180664,"orthographic":false}